Group Name,Size,Range,Filename,Total Value,Total Weight,Time,isOptimal
00Uncorrelated,n00050,R01000,s000.kp,20995,14721,1.4e-05,Yes
00Uncorrelated,n00050,R10000,s000.kp,209818,147083,1.5e-05,Yes
00Uncorrelated,n00100,R01000,s000.kp,46537,22519,2.3e-05,Yes
00Uncorrelated,n00100,R10000,s000.kp,465424,225212,6e-06,Yes
00Uncorrelated,n00200,R01000,s000.kp,84317,50302,9.7e-05,Yes
00Uncorrelated,n00200,R10000,s000.kp,843127,502608,1e-06,Yes
00Uncorrelated,n00500,R01000,s000.kp,207992,118693,2e-06,Yes
00Uncorrelated,n00500,R10000,s000.kp,2078639,1185802,2.2e-05,Yes
00Uncorrelated,n01000,R01000,s000.kp,400811,252480,0.000399,Yes
00Uncorrelated,n01000,R10000,s000.kp,4005798,2522529,0.000398,Yes
01WeaklyCorrelated,n00050,R01000,s000.kp,15768,14232,0.000163,Yes
01WeaklyCorrelated,n00050,R10000,s000.kp,157504,142272,0.000203,Yes
01WeaklyCorrelated,n00100,R01000,s000.kp,31064,29013,0.000143,Yes
01WeaklyCorrelated,n00100,R10000,s000.kp,310315,289895,0.000309,Yes
01WeaklyCorrelated,n00200,R01000,s000.kp,56976,51563,0.000267,Yes
01WeaklyCorrelated,n00200,R10000,s000.kp,569063,515196,0.000619,Yes
01WeaklyCorrelated,n00500,R01000,s000.kp,139258,127276,0.000632,Yes
01WeaklyCorrelated,n00500,R10000,s000.kp,1390993,1271685,0.008396,Yes
01WeaklyCorrelated,n01000,R01000,s000.kp,273052,245972,0.001895,Yes
01WeaklyCorrelated,n01000,R10000,s000.kp,2727089,2457528,0.000595,Yes
02StronglyCorrelated,n00050,R01000,s000.kp,17539,14239,0.012105,Yes
02StronglyCorrelated,n00050,R10000,s000.kp,175283,142283,0.015401,Yes
02StronglyCorrelated,n00100,R01000,s000.kp,35617,29017,0.07493,Yes
02StronglyCorrelated,n00100,R10000,s000.kp,355961,289961,0.124095,Yes
02StronglyCorrelated,n00200,R01000,s000.kp,65363,51563,200.018879,No
02StronglyCorrelated,n00200,R10000,s000.kp,653200,515200,200.018977,No
02StronglyCorrelated,n00500,R01000,s000.kp,162178,127278,200.039113,No
02StronglyCorrelated,n00500,R10000,s000.kp,1620685,1271685,200.024109,No
02StronglyCorrelated,n01000,R01000,s000.kp,316372,245972,200.060419,No
02StronglyCorrelated,n01000,R10000,s000.kp,3161219,2457219,200.037665,No
03InverseStronglyCorrelated,n00050,R01000,s000.kp,14914,16714,1.409472,Yes
03InverseStronglyCorrelated,n00050,R10000,s000.kp,149036,167036,2.675347,Yes
03InverseStronglyCorrelated,n00100,R01000,s000.kp,30468,33968,0.000747,Yes
03InverseStronglyCorrelated,n00100,R10000,s000.kp,304466,339466,0.000851,Yes
03InverseStronglyCorrelated,n00200,R01000,s000.kp,54964,61464,0.005711,Yes
03InverseStronglyCorrelated,n00200,R10000,s000.kp,549209,614209,0.013629,Yes
03InverseStronglyCorrelated,n00500,R01000,s000.kp,136031,152031,200.120424,No
03InverseStronglyCorrelated,n00500,R10000,s000.kp,1356100,1515100,200.03045,No
03InverseStronglyCorrelated,n01000,R01000,s000.kp,263977,295477,200.045754,No
03InverseStronglyCorrelated,n01000,R10000,s000.kp,2632946,2946946,200.025659,No
04AlmostStronglyCorrelated,n00050,R01000,s000.kp,17556,14238,0.008123,Yes
04AlmostStronglyCorrelated,n00050,R10000,s000.kp,175434,142280,0.012151,Yes
04AlmostStronglyCorrelated,n00100,R01000,s000.kp,35611,29016,0.024874,Yes
04AlmostStronglyCorrelated,n00100,R10000,s000.kp,355902,289960,0.046423,Yes
04AlmostStronglyCorrelated,n00200,R01000,s000.kp,65385,51563,200.00628,No
04AlmostStronglyCorrelated,n00200,R10000,s000.kp,653363,515198,200.003392,No
04AlmostStronglyCorrelated,n00500,R01000,s000.kp,162154,127278,200.014338,No
04AlmostStronglyCorrelated,n00500,R10000,s000.kp,1620463,1271681,200.01461,No
04AlmostStronglyCorrelated,n01000,R01000,s000.kp,316415,245972,0.152089,Yes
04AlmostStronglyCorrelated,n01000,R10000,s000.kp,3161935,2457530,200.050501,No
05SubsetSum,n00050,R01000,s000.kp,14239,14239,9.6e-05,Yes
05SubsetSum,n00050,R10000,s000.kp,142283,142283,5.4e-05,Yes
05SubsetSum,n00100,R01000,s000.kp,29017,29017,1.9e-05,Yes
05SubsetSum,n00100,R10000,s000.kp,289961,289961,0.002105,Yes
05SubsetSum,n00200,R01000,s000.kp,51563,51563,2.7e-05,Yes
05SubsetSum,n00200,R10000,s000.kp,515200,515200,6.9e-05,Yes
05SubsetSum,n00500,R01000,s000.kp,127278,127278,0.000259,Yes
05SubsetSum,n00500,R10000,s000.kp,1271685,1271685,0.003684,Yes
05SubsetSum,n01000,R01000,s000.kp,245972,245972,0.000316,Yes
05SubsetSum,n01000,R10000,s000.kp,2457533,2457533,0.000414,Yes
06UncorrelatedWithSimilarWeights,n00050,R01000,s000.kp,19676,2401482,0.029783,Yes
06UncorrelatedWithSimilarWeights,n00050,R10000,s000.kp,19676,2401482,0.030852,Yes
06UncorrelatedWithSimilarWeights,n00100,R01000,s000.kp,39791,4902253,6.835908,Yes
06UncorrelatedWithSimilarWeights,n00100,R10000,s000.kp,39791,4902253,7.042922,Yes
06UncorrelatedWithSimilarWeights,n00200,R01000,s000.kp,75678,9904900,5e-06,Yes
06UncorrelatedWithSimilarWeights,n00200,R10000,s000.kp,75678,9904900,3e-06,Yes
06UncorrelatedWithSimilarWeights,n00500,R01000,s000.kp,189769,24712055,200.031833,No
06UncorrelatedWithSimilarWeights,n00500,R10000,s000.kp,189769,24712055,200.02368,No
06UncorrelatedWithSimilarWeights,n01000,R01000,s000.kp,371246,49525319,0.039496,Yes
06UncorrelatedWithSimilarWeights,n01000,R10000,s000.kp,371246,49525319,0.033505,Yes
07SpannerUncorrelated,n00050,R01000,s000.kp,13472,4569,0.002256,Yes
07SpannerUncorrelated,n00050,R10000,s000.kp,135733,46295,0.001929,Yes
07SpannerUncorrelated,n00100,R01000,s000.kp,24228,8748,200.01381,No
07SpannerUncorrelated,n00100,R10000,s000.kp,243893,88483,203.69596,No
07SpannerUncorrelated,n00200,R01000,s000.kp,47836,17274,200.017915,No
07SpannerUncorrelated,n00200,R10000,s000.kp,482118,174792,200.002795,No
07SpannerUncorrelated,n00500,R01000,s000.kp,114616,42898,200.001716,No
07SpannerUncorrelated,n00500,R10000,s000.kp,1155011,433675,200.001014,No
07SpannerUncorrelated,n01000,R01000,s000.kp,228624,84656,200.000823,No
07SpannerUncorrelated,n01000,R10000,s000.kp,2304627,856119,200.000893,No
08SpannerWeaklyCorrelated,n00050,R01000,s000.kp,10354,11452,7.563907,Yes
08SpannerWeaklyCorrelated,n00050,R10000,s000.kp,102774,115687,5.244023,Yes
08SpannerWeaklyCorrelated,n00100,R01000,s000.kp,20550,20824,0.051576,Yes
08SpannerWeaklyCorrelated,n00100,R10000,s000.kp,203856,210158,0.049485,Yes
08SpannerWeaklyCorrelated,n00200,R01000,s000.kp,40575,41116,25.454986,Yes
08SpannerWeaklyCorrelated,n00200,R10000,s000.kp,403248,415714,152.06321,Yes
08SpannerWeaklyCorrelated,n00500,R01000,s000.kp,98713,100076,200.065779,No
08SpannerWeaklyCorrelated,n00500,R10000,s000.kp,981336,1011673,200.078885,No
08SpannerWeaklyCorrelated,n01000,R01000,s000.kp,196050,198664,200.000395,No
08SpannerWeaklyCorrelated,n01000,R10000,s000.kp,1948536,2008773,200.000752,No
09SpannerStronglyCorrelated,n00050,R01000,s000.kp,28440,11540,200.01082,No
09SpannerStronglyCorrelated,n00050,R10000,s000.kp,285753,116753,56.497167,Yes
09SpannerStronglyCorrelated,n00100,R01000,s000.kp,51656,20956,15.613069,Yes
09SpannerStronglyCorrelated,n00100,R10000,s000.kp,518835,211835,0.051946,Yes
09SpannerStronglyCorrelated,n00200,R01000,s000.kp,101888,41288,200.003268,No
09SpannerStronglyCorrelated,n00200,R10000,s000.kp,1022469,417469,200.000026,No
09SpannerStronglyCorrelated,n00500,R01000,s000.kp,245128,99928,200.038745,No
09SpannerStronglyCorrelated,n00500,R10000,s000.kp,2460672,1010672,200.053411,No
09SpannerStronglyCorrelated,n01000,R01000,s000.kp,488672,198772,200.00131,No
09SpannerStronglyCorrelated,n01000,R10000,s000.kp,4903566,2009566,200.000046,No
10MultipleStronglyCorrelated,n00050,R01000,s000.kp,21338,14238,0.00429,Yes
10MultipleStronglyCorrelated,n00050,R10000,s000.kp,217265,142265,0.000222,Yes
10MultipleStronglyCorrelated,n00100,R01000,s000.kp,43316,29016,2.28347,Yes
10MultipleStronglyCorrelated,n00100,R10000,s000.kp,434921,289921,0.000496,Yes
10MultipleStronglyCorrelated,n00200,R01000,s000.kp,81658,51558,31.155273,Yes
10MultipleStronglyCorrelated,n00200,R10000,s000.kp,813196,515196,7.408062,Yes
10MultipleStronglyCorrelated,n00500,R01000,s000.kp,203778,127278,200.001216,No
10MultipleStronglyCorrelated,n00500,R10000,s000.kp,2034682,1271682,200.000085,No
10MultipleStronglyCorrelated,n01000,R01000,s000.kp,399170,245970,200.000018,No
10MultipleStronglyCorrelated,n01000,R10000,s000.kp,3995528,2457528,200.00003,No
11ProfitCeiling,n00050,R01000,s000.kp,14229,14238,1.592672,Yes
11ProfitCeiling,n00050,R10000,s000.kp,142272,142282,0.835323,Yes
11ProfitCeiling,n00100,R01000,s000.kp,29001,29015,68.633119,Yes
11ProfitCeiling,n00100,R10000,s000.kp,289947,289959,200.043842,No
11ProfitCeiling,n00200,R01000,s000.kp,51540,51562,200.000048,No
11ProfitCeiling,n00200,R10000,s000.kp,515169,515199,200.057079,No
11ProfitCeiling,n00500,R01000,s000.kp,127239,127277,200.000393,No
11ProfitCeiling,n00500,R10000,s000.kp,1271616,1271685,25.525246,Yes
11ProfitCeiling,n01000,R01000,s000.kp,245877,245972,200.000051,No
11ProfitCeiling,n01000,R10000,s000.kp,2457411,2457533,200.000029,No
12Circle,n00050,R01000,s000.kp,300031,14239,0.714557,Yes
12Circle,n00050,R10000,s000.kp,9485054,142283,4.750204,Yes
12Circle,n00100,R01000,s000.kp,611418,29017,0.21868,Yes
12Circle,n00100,R10000,s000.kp,19329757,289961,6.82233,Yes
12Circle,n00200,R01000,s000.kp,1086483,51563,200.074621,No
12Circle,n00200,R10000,s000.kp,34344928,515200,33.349096,Yes
12Circle,n00500,R01000,s000.kp,2681868,127278,200.000038,No
12Circle,n00500,R10000,s000.kp,84774716,1271685,200.000196,No
12Circle,n01000,R01000,s000.kp,5182856,245972,0.010647,Yes
12Circle,n01000,R10000,s000.kp,163827248,2457533,200.000992,No
